SYMBOL,SERIES,DATE1,PREV_CLOSE,OPEN_PRICE,HIGH_PRICE,LOW_PRICE,LAST_PRICE,CLOSE_PRICE,AVG_PRICE,TTL_TRD_QNTY,TURNOVER_LACS,NO_OF_TRADES,DELIV_QTY,DELIV_PER
20MICRONS, EQ, 27-Aug-2020,32.9,33.1,34,33,33.45,33.25,33.39,154505,51.59,1130,116799,75.6
21STCENMGM, EQ, 27-Aug-2020,10.4,10.4,10.6,10.25,10.55,10.55,10.41,6019,0.63,35,5235,86.97
3IINFOTECH, EQ, 27-Aug-2020,3.95,4.1,4.1,3.9,4,4.05,4.04,12684409,512.28,5251,7334888,57.83
3MINDIA, EQ, 27-Aug-2020,20866.15,21100,21510.05,20866.15,20970.45,20999.8,21219.66,6262,1328.78,2169,3088,49.31
5PAISA, BE, 27-Aug-2020,353.7,355,364.9,350,361,361.4,362.32,14947,54.16,204, -, -
618GS2024, GS, 27-Aug-2020,105.45,102.15,102.15,102.15,102.15,102.15,102.15,20,0.02,1,20,100
63MOONS, EQ, 27-Aug-2020,81.2,81.3,82.35,80.5,80.9,81.05,81.47,28540,23.25,523,16833,58.98
719GS2060, GS, 27-Aug-2020,113,110,110,110,110,110,110,1000,1.1,5,1000,100
A2ZINFRA, EQ, 27-Aug-2020,5.25,5.45,5.5,5,5.5,5.5,5.38,3573521,192.24,2466,2198246,61.51
AARON, SM, 27-Aug-2020,49.2,50,50,50,50,50,50,3300,1.65,1,3300,100
AARTIDRUGS, EQ, 27-Aug-2020,2940.05,2850,3098.5,2755,2943.5,2933.05,2950.73,1098153,32403.48,107979,207037,18.85
AARTIIND, EQ, 27-Aug-2020,1119,1123.4,1129,1103,1125.15,1124.35,1120.17,357385,4003.31,16855,153814,43.04
AARTISURF, BE, 27-Aug-2020,535.2,561.95,561.95,561.95,561.95,561.95,561.95,50396,283.2,676, -, -
AARVEEDEN, EQ, 27-Aug-2020,12.15,12.15,12.7,11.85,12.7,12.5,12.37,33017,4.09,177,20861,63.18
AARVI, EQ, 27-Aug-2020,43,45.15,45.15,43.25,44.4,44.4,44.11,1093,0.48,29,907,82.98
AAVAS, EQ, 27-Aug-2020,1535.7,1545.85,1565,1505.05,1515,1518.55,1532.46,31509,482.86,4876,10870,34.5
ABAN, EQ, 27-Aug-2020,29.1,29.5,29.5,28.4,29.1,28.85,29.12,82382,23.99,718,48478,58.85
ABB, EQ, 27-Aug-2020,959.25,964,985,961.9,971,970.9,968.38,515635,4993.3,6550,424270,82.28
ABBOTINDIA, EQ, 27-Aug-2020,16944,17250,17332,17006,17045,17065.1,17122.94,18991,3251.82,5319,11257,59.28
ABCAPITAL, EQ, 27-Aug-2020,65.35,66,66.4,64.1,64.3,64.35,65.24,3629588,2368.03,15968,1403343,38.66
ABFRL, EQ, 27-Aug-2020,149.05,149.1,152.15,145.4,146.65,146.25,149.13,2714322,4047.77,13179,1966645,72.45
ABFRLPP, E1, 27-Aug-2020,88.1,89.75,90.05,85.4,86.6,86.6,87.45,101547,88.8,1092,55076,54.24
ABINFRA, SM, 27-Aug-2020,9.2,8.75,8.75,8.75,8.75,8.75,8.75,4000,0.35,1,4000,100
ABMINTLTD, BE, 27-Aug-2020,27.05,28.4,28.4,28.4,28.4,28.4,28.4,3444,0.98,33, -, -
ABSLBANETF, EQ, 27-Aug-2020,238.61,230.01,258.98,226.12,232.58,245,239.42,755,1.81,63,395,52.32
ABSLNN50ET, EQ, 27-Aug-2020,285.43,299,299,290.09,290.1,290.09,294.43,226,0.67,17,203,89.82
ABSLRIF6RG, MF, 27-Aug-2020,6.62,6.44,6.55,6.18,6.55,6.55,6.44,53222,3.43,17,45516,85.52
ACC, EQ, 27-Aug-2020,1397.85,1398.1,1415.7,1393.75,1402.5,1400.05,1403.47,538452,7557,21977,60948,11.32
ACCELYA, EQ, 27-Aug-2020,1043.7,1054.8,1054.8,1017.45,1028,1028.4,1036.06,15292,158.43,1387,4082,26.69
ACCURACY, SM, 27-Aug-2020,38.8,42.6,42.6,38.1,38.1,38.1,41.31,6400,2.64,4,3200,50
ACE, EQ, 27-Aug-2020,68.2,68.75,69.6,68.05,68.2,68.25,68.77,233910,160.86,1772,102871,43.98
ADANIENT, EQ, 27-Aug-2020,285.55,284.9,297.7,283.7,285.9,286.7,291.02,15749472,45834.75,124274,1333622,8.47
ADANIGAS, EQ, 27-Aug-2020,186.15,187.9,190.55,183.1,184.65,184.85,186.8,1911435,3570.54,20001,621928,32.54
ADANIGREEN, EQ, 27-Aug-2020,427.65,431.5,442.75,424.55,432.5,432.75,432.83,1226228,5307.5,19686,473164,38.59
ADANIPORTS, EQ, 27-Aug-2020,354.25,356,357.45,349.55,350.85,350.55,353.96,2996658,10606.91,38053,1114640,37.2
ADANIPOWER, EQ, 27-Aug-2020,40.15,40.5,40.6,39.15,39.4,39.45,39.88,4907127,1957.04,12882,2098853,42.77
ADANITRANS, EQ, 27-Aug-2020,283.1,285,286.4,276,277.35,278.05,280.34,649189,1819.94,9134,357935,55.14
ADFFOODS, EQ, 27-Aug-2020,364.5,368,369.95,354,358,358.05,359.94,51461,185.23,1672,33737,65.56
ADHUNIKIND, EQ, 27-Aug-2020,21.65,22.7,22.7,22.5,22.7,22.7,22.7,31981,7.26,130,31711,99.16
ADORWELD, EQ, 27-Aug-2020,279.2,280.1,285,276,277.25,279.05,281.04,17518,49.23,636,9759,55.71
ADROITINFO, BE, 27-Aug-2020,6.85,6.85,6.85,6.7,6.8,6.8,6.78,1401,0.09,9, -, -
ADSL, EQ, 27-Aug-2020,25.25,25.5,25.5,23.7,24.35,24.45,24.54,101422,24.89,504,79720,78.6
ADVANIHOTR, EQ, 27-Aug-2020,45.55,45.8,46.5,42.1,45.5,44.95,44.95,8279,3.72,171,6629,80.07
ADVENZYMES, EQ, 27-Aug-2020,233.5,234.5,235,223.3,224.75,224.3,226.67,647115,1466.82,16169,373995,57.79
AEGISCHEM, EQ, 27-Aug-2020,205.5,209.4,218,206.1,215.3,215.85,213.62,1233802,2635.68,24028,589603,47.79
AFFLE, EQ, 27-Aug-2020,2941.4,2989,3079,2794.35,2794.35,2794.35,2924.04,227032,6638.51,24436,131652,57.99
AGARIND, EQ, 27-Aug-2020,116.05,116,116.1,110.25,111.5,111.4,111.4,89392,99.58,1555,55852,62.48
AGCNET, EQ, 27-Aug-2020,359.1,366.95,368.8,357.5,360,360.05,360.86,4910,17.72,246,3793,77.25
AGRITECH, EQ, 27-Aug-2020,36.25,36.3,36.3,35.1,35.2,35.25,35.54,4774,1.7,137,4245,88.92
AGROPHOS, EQ, 27-Aug-2020,10.7,10.7,10.9,10.5,10.7,10.75,10.78,28236,3.04,165,20947,74.19
AHLADA, SM, 27-Aug-2020,43,42.5,44.5,42.5,44.5,44.5,43.83,3000,1.32,3,2000,66.67
AHLEAST, EQ, 27-Aug-2020,154.65,157.45,185.55,152.5,172.2,175.45,179.53,41482,74.47,1223,18775,45.26
AHLUCONT, EQ, 27-Aug-2020,299.85,291.5,301.95,276.8,290,290.75,287.08,275571,791.11,5785,162568,58.99
AHLWEST, EQ, 27-Aug-2020,258.4,272,272,260,266,265.95,264.05,1420,3.75,206,785,55.28
AIAENG, EQ, 27-Aug-2020,1849.6,1864,1889.95,1815,1827,1840.4,1853.7,29655,549.72,6009,12279,41.41
AIONJSW, EQ, 27-Aug-2020,18.7,19,19,18.4,18.45,18.5,18.78,231444,43.47,355,192132,83.01
AIRAN, EQ, 27-Aug-2020,12.9,12.95,13.25,12.4,12.8,12.7,12.74,32012,4.08,151,15714,49.09
AIROLAM, SM, 27-Aug-2020,21.5,22,22.1,22,22.1,22.1,22.05,6000,1.32,2,6000,100
AJANTPHARM, EQ, 27-Aug-2020,1609.75,1613,1617.25,1580.1,1580.15,1584.15,1589.8,122218,1943.02,10029,62469,51.11
AJMERA, EQ, 27-Aug-2020,92.65,99.7,101.3,97,97.1,97.45,98.98,922252,912.87,10979,300126,32.54
AJOONI, SM, 27-Aug-2020,33.5,34,35,33.5,35,34.8,34.13,164000,55.98,40,88000,53.66
AKASH, BE, 27-Aug-2020,204,206,211.9,205,211.9,211.45,209.9,18215,38.23,86, -, -
AKG, SM, 27-Aug-2020,43.7,44,51,44,51,48.3,47.04,68000,31.99,14,32000,47.06
AKSHARCHEM, EQ, 27-Aug-2020,260.35,261.3,262.35,246.4,249.2,249,252.54,110375,278.74,3891,62724,56.83
AKSHOPTFBR, EQ, 27-Aug-2020,7.95,8.3,8.3,8.3,8.3,8.3,8.3,87274,7.24,133,87274,100
AKZOINDIA, EQ, 27-Aug-2020,2133.55,2149,2195,2100,2180,2159.1,2145.34,11026,236.55,1536,6030,54.69
ALANKIT, EQ, 27-Aug-2020,18.5,18.75,19.4,17.75,17.9,17.9,18.27,878768,160.57,1122,281854,32.07
ALBERTDAVD, EQ, 27-Aug-2020,452.7,452.7,457.9,439.15,440.15,440.45,445.02,58439,260.06,3161,33868,57.95
ALCHEM, EQ, 27-Aug-2020,6.75,7.05,7.05,7.05,7.05,7.05,7.05,22715,1.6,52,22715,100
ALEMBICLTD, EQ, 27-Aug-2020,85.65,86,89.35,85.65,86,86.35,87.62,1876391,1644.07,13822,590095,31.45
ALICON, EQ, 27-Aug-2020,354.25,354.3,364,343.55,358,357.2,355.83,3570,12.7,220,2775,77.73
ALKALI, EQ, 27-Aug-2020,53.4,54,55,52.5,53.05,53.2,53.84,24052,12.95,681,13350,55.5
ALKEM, EQ, 27-Aug-2020,2822.45,2821.1,2894,2821.1,2870,2873.45,2865.87,233719,6698.07,16752,123841,52.99
ALKYLAMINE, EQ, 27-Aug-2020,3461.5,3520,3543.65,3352.65,3430,3438.8,3449.6,75469,2603.38,10665,28401,37.63
ALLCARGO, EQ, 27-Aug-2020,128.6,130,131.4,122.35,124.15,123.55,126.43,1489556,1883.29,13211,921692,61.88
ALLSEC, EQ, 27-Aug-2020,292.2,291.9,291.9,270.1,280,279.1,280.05,26007,72.83,648,11334,43.58
ALMONDZ, EQ, 27-Aug-2020,16.2,16.4,16.4,14.6,14.6,14.6,15.04,89266,13.42,352,74331,83.27
ALOKINDS, EQ, 27-Aug-2020,34.45,33.2,34.4,33.2,33.8,33.7,33.82,9724957,3288.65,22292,5014192,51.56
ALPA, EQ, 27-Aug-2020,31.2,32,32.3,29.65,29.65,29.7,31.03,313343,97.23,1752,206244,65.82
ALPHAGEO, EQ, 27-Aug-2020,181.65,195,195,183.35,183.8,185.35,189.09,107946,204.11,2707,55146,51.09
ALPSINDUS, EQ, 27-Aug-2020,1.25,1.3,1.3,1.2,1.3,1.3,1.28,39326,0.5,56,31797,80.85
AMARAJABAT, EQ, 27-Aug-2020,743.5,745,748,737.25,742,741.8,741.03,389573,2886.85,21350,131466,33.75
AMBER, EQ, 27-Aug-2020,1819.15,1820,1839.95,1786.05,1807,1801.2,1816.41,118590,2154.08,6555,81984,69.13
AMBIKCO, EQ, 27-Aug-2020,712.9,718.95,720,710.05,711.35,714.75,716.74,10666,76.45,923,6475,60.71
AMBUJACEM, EQ, 27-Aug-2020,220.85,222,223.7,220.2,221.5,221.35,221.46,2046039,4531.2,11017,989221,48.35
AMDIND, EQ, 27-Aug-2020,19,19.55,19.55,18.25,18.4,18.6,18.67,41963,7.83,249,28717,68.43
AMJLAND, EQ, 27-Aug-2020,19.5,19.55,19.7,18.8,18.9,19,19.18,41587,7.98,229,27828,66.92
AMJUMBO, SM, 27-Aug-2020,7.85,7.5,7.9,7.5,7.9,7.9,7.7,16000,1.23,2,16000,100
AMRUTANJAN, EQ, 27-Aug-2020,470.95,473.25,496,471.05,479,477.05,480.69,179759,864.09,5537,38864,21.62
ANANTRAJ, EQ, 27-Aug-2020,36.35,37.05,37.85,34.25,34.7,34.7,36.25,586734,212.68,2132,389858,66.45
ANDHRACEMT, EQ, 27-Aug-2020,5.45,5.5,5.7,5.3,5.6,5.55,5.55,563427,31.29,797,242119,42.97
ANDHRAPAP, EQ, 27-Aug-2020,221.7,224,230.4,220,225.75,225.45,225.38,136526,307.7,2506,65362,47.88
ANDHRSUGAR, EQ, 27-Aug-2020,323.25,323.2,324.95,310.1,315.45,314.65,317.78,94843,301.39,2818,64018,67.5
ANIKINDS, EQ, 27-Aug-2020,14.7,14.7,15.2,14.45,14.75,14.75,14.78,19273,2.85,86,13665,70.9
ANKITMETAL, EQ, 27-Aug-2020,0.95,1,1,0.95,1,1,1,143980,1.44,111,138979,96.53
ANSALAPI, EQ, 27-Aug-2020,4.55,4.55,4.75,4.5,4.75,4.75,4.68,134704,6.31,201,96898,71.93
ANSALHSG, EQ, 27-Aug-2020,4.65,4.85,4.85,4.75,4.85,4.85,4.84,68297,3.31,112,65491,95.89
ANUP, EQ, 27-Aug-2020,559.4,565,579.9,561.1,575,575.45,570.6,27603,157.5,1768,19418,70.35
APARINDS, EQ, 27-Aug-2020,358.55,365,365,351,355,353.1,359.89,109853,395.35,3196,65785,59.88
APCL, EQ, 27-Aug-2020,153,156.9,156.9,151,153.7,152.95,153.07,23066,35.31,614,15474,67.09
APCOTEXIND, EQ, 27-Aug-2020,163.65,164.05,165.75,161,162,161.75,163.21,88635,144.66,3173,41518,46.84
APEX, EQ, 27-Aug-2020,292,294,295.9,286.5,287.2,288.05,291.24,422336,1230.02,7734,119742,28.35
APLAPOLLO, EQ, 27-Aug-2020,2489.4,2499.95,2500,2425.1,2440,2449,2478.42,71310,1767.36,4980,48229,67.63
APLLTD, EQ, 27-Aug-2020,991.05,995.8,1025,993,1000,999.1,1007.73,496574,5004.11,28007,219279,44.16
APOLLO, EQ, 27-Aug-2020,128.15,129.4,131.4,127.2,128.05,128.1,129.61,241345,312.82,3627,103826,43.02
APOLLOHOSP, EQ, 27-Aug-2020,1651.2,1656,1679.95,1638.2,1645,1650,1656.91,476295,7891.76,20919,109302,22.95
APOLLOPIPE, EQ, 27-Aug-2020,409.6,414.9,414.9,401,403,403.25,407.73,26661,108.7,1467,18864,70.76
APOLLOTYRE, EQ, 27-Aug-2020,132,133.3,139,132.8,135.5,135.5,136.32,22833181,31126.78,106089,4240823,18.57
APOLSINHOT, EQ, 27-Aug-2020,604.25,608,619.85,605,605.1,605.75,608,893,5.43,150,665,74.47
APTECHT, EQ, 27-Aug-2020,138,138.75,139.95,133.55,134,134.35,136.95,534855,732.47,6894,241449,45.14
ARCHIDPLY, EQ, 27-Aug-2020,31.4,31.95,32,29.5,30.1,29.9,30.98,155325,48.12,1323,80459,51.8
ARCHIES, EQ, 27-Aug-2020,12.85,12.95,13,12.6,13,12.9,12.8,29721,3.8,134,20790,69.95
ARCOTECH, BE, 27-Aug-2020,2.95,2.95,3,2.85,2.95,2.9,2.93,60368,1.77,95, -, -
ARENTERP, EQ, 27-Aug-2020,10.85,10.4,11.5,10.4,11.45,11.45,11.14,427,0.05,27,263,61.59
ARIES, EQ, 27-Aug-2020,80.75,81.4,81.6,80,81,80.95,80.97,23734,19.22,485,17282,72.82
ARIHANT, EQ, 27-Aug-2020,18.55,18.6,19.45,18.45,19.1,19.1,19.14,5129,0.98,82,4088,79.7
ARIHANTSUP, EQ, 27-Aug-2020,24.2,25.3,25.4,24.5,25.4,25.4,25.31,20171,5.11,79,14765,73.2
ARMANFIN, EQ, 27-Aug-2020,582.75,590,640,585,612,611.35,618.43,70598,436.6,4198,30032,42.54
AROGRANITE, EQ, 27-Aug-2020,29.25,29.25,31,28.5,30.5,30.4,30.37,52357,15.9,353,38533,73.6
ARROWGREEN, EQ, 27-Aug-2020,54.6,57.3,57.3,51.9,52.05,52.8,54.01,31773,17.16,355,26140,82.27
ARSHIYA, EQ, 27-Aug-2020,11.9,12.45,12.45,12.1,12.45,12.45,12.4,28443,3.53,57,21286,74.84
ARSSINFRA, EQ, 27-Aug-2020,14.3,14.85,14.85,14.1,14.25,14.15,14.54,23825,3.46,124,18259,76.64
ARTEMISMED, EQ, 27-Aug-2020,167.25,169,170,167.05,167.05,167.9,168,1268,2.13,30,1128,88.96
ARVEE, SM, 27-Aug-2020,48,51,57.6,51,57.6,57.6,55.2,6000,3.31,3,4000,66.67
ARVIND, EQ, 27-Aug-2020,36.75,37,37.25,36.2,36.4,36.4,36.79,3001774,1104.31,8913,1376515,45.86
ARVINDFASN, EQ, 27-Aug-2020,164.3,163.5,163.9,156.1,156.15,156.85,159.2,462965,737.04,5970,329092,71.08
ARVSMART, EQ, 27-Aug-2020,102.5,106.65,109.7,104,104.6,105.25,107.11,498697,534.16,6496,165251,33.14
ASAHIINDIA, EQ, 27-Aug-2020,223.9,226.4,234,220,223,223.15,225.74,69124,156.04,1980,22894,33.12
ASAHISONG, EQ, 27-Aug-2020,236,238.6,238.6,208.6,213,215.55,222.51,138625,308.46,3165,100123,72.23
ASAL, EQ, 27-Aug-2020,22.5,22.7,23.6,22.4,23,23.2,23.22,18546,4.31,174,15967,86.09
ASALCBR, EQ, 27-Aug-2020,282.85,282.85,287.8,276.1,278,278.9,281.57,65899,185.55,1947,38886,59.01
ASHAPURMIN, EQ, 27-Aug-2020,61.4,64.45,64.45,64.45,64.45,64.45,64.45,31450,20.27,114,31450,100
ASHIANA, EQ, 27-Aug-2020,85,85,89.25,84.5,88.25,87.6,87.76,116195,101.97,1709,61360,52.81
ASHIMASYN, EQ, 27-Aug-2020,6.85,6.95,6.95,6.55,6.65,6.65,6.72,25115,1.69,77,20105,80.05
ASHOKA, EQ, 27-Aug-2020,76.8,77.35,77.7,75.2,75.4,75.4,75.93,1733462,1316.22,9444,902673,52.07
ASHOKLEY, EQ, 27-Aug-2020,71.05,71.45,73.6,71.2,72.55,72.5,72.72,43223467,31433.25,103432,10707181,24.77
ASIANHOTNR, EQ, 27-Aug-2020,62.65,62.65,64.5,61.95,62.4,63,62.85,9570,6.02,220,4473,46.74
ASIANPAINT, EQ, 27-Aug-2020,1971.4,1980.9,2009,1970.05,1985,1982.5,1988.53,3116307,61968.76,103457,925170,29.69
ASIANTILES, EQ, 27-Aug-2020,250.1,252.9,255.25,248.05,249,253,251.51,320436,805.92,7319,54033,16.86
ASPINWALL, EQ, 27-Aug-2020,155,154,160,151.1,155,156.2,157.09,2235,3.51,68,1974,88.32
ASTEC, EQ, 27-Aug-2020,1167,1165.25,1249,1165.25,1213.05,1203.4,1219.11,128898,1571.4,9085,38571,29.92
ASTERDM, EQ, 27-Aug-2020,144.15,145.1,147.45,142.5,143.55,143.4,144.99,184167,267.02,3586,67415,36.61
ASTRAL, EQ, 27-Aug-2020,1182.75,1197.5,1197.95,1150.55,1166,1157,1166.38,63533,741.04,6046,30619,48.19
ASTRAMICRO, EQ, 27-Aug-2020,121.3,121.85,130.9,121.1,127.5,128.8,126.81,2361650,2994.9,14310,965765,40.89
ASTRAZEN, EQ, 27-Aug-2020,3520.85,3565,3587.5,3515.05,3535,3533.3,3549.63,61287,2175.46,8930,26983,44.03
ASTRON, EQ, 27-Aug-2020,45.15,45.15,45.6,44.35,44.7,44.45,44.86,23960,10.75,341,14903,62.2
ATFL, EQ, 27-Aug-2020,766.15,772.05,778.05,754,764.4,760.2,766.28,19837,152.01,2063,11101,55.96
ATLANTA, EQ, 27-Aug-2020,8.95,9.25,9.25,8.85,9.15,9.15,9.07,12471,1.13,114,8688,69.67
ATLASCYCLE, BE, 27-Aug-2020,47.25,49.6,49.6,49.6,49.6,49.6,49.6,19871,9.86,100, -, -
ATUL, EQ, 27-Aug-2020,5897.2,5895,6360,5895,6349,6261.15,6148.61,98227,6039.6,14277,38320,39.01
ATULAUTO, EQ, 27-Aug-2020,194.9,197.75,201,192.3,194.3,194.4,196.39,470383,923.76,8374,208076,44.24
AUBANK, EQ, 27-Aug-2020,733,736.1,743.6,728.1,728.1,730.45,736.79,294529,2170.07,10064,148892,50.55
AURIONPRO, EQ, 27-Aug-2020,70.4,73.4,73.5,69,70,69.55,70.77,18945,13.41,313,14578,76.95
AUROPHARMA, EQ, 27-Aug-2020,867.9,868.95,886,866,879,876.6,876.6,3767697,33027.51,68660,977167,25.94
AUSOMENT, EQ, 27-Aug-2020,39.45,39.5,40.35,38.4,39,39,39.18,2159,0.85,37,1964,90.97
AUTOAXLES, EQ, 27-Aug-2020,720.6,720,720,704,710,708.35,711.12,21462,152.62,1538,13139,61.22
AUTOIND, EQ, 27-Aug-2020,35.3,37.05,37.05,37.05,37.05,37.05,37.05,12319,4.56,56,12319,100
AUTOLITIND, EQ, 27-Aug-2020,25,26.4,26.4,25,25.75,25.4,25.7,33660,8.65,359,19129,56.83
AVADHSUGAR, EQ, 27-Aug-2020,196.7,197.9,210.4,195.3,205.5,205.2,205.37,233582,479.7,4607,117711,50.39
AVANTIFEED, EQ, 27-Aug-2020,559,563,587,542.7,552,555.15,562.52,3982936,22404.94,82666,570240,14.32
AVG, SM, 27-Aug-2020,44,46.1,46.1,46.1,46.1,46.1,46.1,1200,0.55,1,1200,100
AVTNPL, EQ, 27-Aug-2020,48.35,48.7,50.95,45.65,47.65,47.5,48.8,968423,472.61,4148,428084,44.2
AXISBANK, EQ, 27-Aug-2020,463.35,464,474.5,464,473.5,473.05,471.25,19544322,92101.71,218985,7204324,36.86
AXISCADES, EQ, 27-Aug-2020,67,68,70.35,66.9,70.35,70.25,69.58,113209,78.77,1040,81420,71.92
AXISGOLD, EQ, 27-Aug-2020,44.75,44.55,45.4,44.55,44.75,44.7,44.99,105717,47.56,907,68082,64.4
AXISNIFTY, EQ, 27-Aug-2020,118.53,135,140,118.5,119.75,119.11,119.55,12969,15.5,229,8888,68.53
AYMSYNTEX, EQ, 27-Aug-2020,28.4,29,29.3,27.6,28.4,28.95,28.7,20272,5.82,166,15819,78.03
BAGFILMS, EQ, 27-Aug-2020,2.6,2.6,2.7,2.6,2.7,2.7,2.68,97068,2.6,72,83068,85.58
BAJAJ-AUTO, EQ, 27-Aug-2020,3082.2,3082.2,3088.75,3025.2,3043.1,3043,3043.23,711504,21652.71,41025,118185,16.61
BAJAJCON, EQ, 27-Aug-2020,180.5,182,182.15,178.45,179.7,178.8,179.78,590082,1060.82,12167,318818,54.03
BAJAJELEC, EQ, 27-Aug-2020,529.65,539,542,521,524.4,525.7,530.6,964119,5115.66,25738,218161,22.63
BAJAJFINSV, EQ, 27-Aug-2020,6564.4,6604.95,6604.95,6487.5,6535.95,6530.75,6540.01,461882,30207.13,37535,60454,13.09
BAJAJHIND, EQ, 27-Aug-2020,6.05,6.05,6.1,5.95,6,6,6.01,3066656,184.44,2328,1538670,50.17
BAJAJHLDNG, EQ, 27-Aug-2020,2758.25,2800,2867.95,2760,2850,2851.65,2821.91,125650,3545.73,11951,59091,47.03
BAJFINANCE, EQ, 27-Aug-2020,3645.55,3656.95,3668.4,3596.4,3636,3632.5,3631.13,4611132,167436.06,162374,387513,8.4
BALAJITELE, EQ, 27-Aug-2020,82.1,83,83.9,82.1,82.8,82.35,83,159068,132.03,1751,84829,53.33
BALAMINES, EQ, 27-Aug-2020,971.8,975,987,945,946,948.2,960.16,254754,2446.05,11499,111417,43.74
BALAXI, BE, 27-Aug-2020,384.45,403.65,403.65,367,403.65,400.85,400.17,11769,47.1,427, -, -
BALKRISHNA, EQ, 27-Aug-2020,14.2,14.85,14.85,14.2,14.65,14.65,14.66,11599,1.7,77,9108,78.52
BALKRISIND, EQ, 27-Aug-2020,1395,1400,1407.5,1372.05,1380.6,1378.6,1392.3,392233,5461.05,22536,169570,43.23
BALLARPUR, BE, 27-Aug-2020,1.75,1.7,1.7,1.7,1.7,1.7,1.7,469956,7.99,556, -, -
BALMLAWRIE, EQ, 27-Aug-2020,120.05,120.85,121.45,118.3,118.75,119.05,119.83,279583,335.02,3551,185152,66.22
BALPHARMA, EQ, 27-Aug-2020,47.8,47.8,49.3,46.25,46.85,46.95,47.41,39932,18.93,534,24811,62.13
BALRAMCHIN, EQ, 27-Aug-2020,158.05,158.05,161.3,154.55,159.1,158.8,157.87,1900788,3000.74,17986,754952,39.72
BANARBEADS, EQ, 27-Aug-2020,52.15,51.05,54.9,51.05,53.4,52.8,53.35,13704,7.31,214,7766,56.67
BANARISUG, EQ, 27-Aug-2020,1310.55,1305.05,1327,1302,1306.5,1308.4,1316.76,1501,19.76,144,1172,78.08
BANCOINDIA, EQ, 27-Aug-2020,97.6,104,106.95,99,100.7,100.1,101.69,659544,670.67,6966,290027,43.97
BANDHANBNK, EQ, 27-Aug-2020,298.05,303.2,315,302.4,310.8,311.1,309.84,40880245,126662.03,332572,12787485,31.28
BANG, EQ, 27-Aug-2020,19.35,20,20,18.75,19.6,19.45,19.31,8227,1.59,112,6468,78.62
BANKA, SM, 27-Aug-2020,93.8,94.95,96.95,89.15,90.15,90.05,91.36,16800,15.35,13,9600,57.14
BANKBARODA, EQ, 27-Aug-2020,48.45,48.8,49.5,48.55,48.65,48.7,49.01,34037255,16682.72,57138,7413109,21.78
BANKBEES, EQ, 27-Aug-2020,235.64,237.2,238.14,235.64,237.6,237.35,237.4,371532,882.03,5056,152745,41.11
BANKINDIA, EQ, 27-Aug-2020,48.4,48.6,51.1,48.15,49.9,49.9,50.04,6899464,3452.4,17126,3101924,44.96
BANSWRAS, EQ, 27-Aug-2020,73.95,74.8,77.85,71.75,75,75.7,75.84,65355,49.56,1717,37506,57.39
BARTRONICS, BZ, 27-Aug-2020,2.4,2.4,2.5,2.3,2.5,2.5,2.42,16950,0.41,35, -, -
BASF, EQ, 27-Aug-2020,1639.6,1640,1640.15,1591,1595,1599.2,1612.04,57086,920.25,3252,36558,64.04
BASML, EQ, 27-Aug-2020,100.25,99.05,101.95,96.5,97.05,97.8,99.62,7899,7.87,290,3792,48.01
BATAINDIA, EQ, 27-Aug-2020,1311.4,1317.1,1359,1315,1355,1351.15,1345.44,1869933,25158.86,64909,485463,25.96
BAYERCROP, EQ, 27-Aug-2020,6188.75,6220,6220,6055.6,6085.1,6093.35,6115.76,21091,1289.88,5115,10774,51.08
BBL, EQ, 27-Aug-2020,844.75,848,859.7,835,840.95,837,846.46,12982,109.89,1614,6889,53.07
BBTC, EQ, 27-Aug-2020,1456.4,1463,1545,1460,1512,1511.85,1515.58,521446,7902.92,25160,116329,22.31
BBTCL, SM, 27-Aug-2020,35,34.5,34.55,34.5,34.55,34.5,34.53,6000,2.07,2,3000,50
BCG, EQ, 27-Aug-2020,8.3,8.65,8.7,8.5,8.7,8.7,8.65,1721847,148.89,1150,1392945,80.9
BCP, EQ, 27-Aug-2020,5.25,5.45,5.5,5.25,5.5,5.45,5.4,362174,19.57,528,281595,77.75
BDL, EQ, 27-Aug-2020,429.55,427.85,429,410,413.25,412.9,415.61,882246,3666.67,21213,370444,41.99
BEARDSELL, EQ, 27-Aug-2020,8.4,8.8,8.8,8.8,8.8,8.8,8.8,8523,0.75,11,8523,100
BEDMUTHA, EQ, 27-Aug-2020,15.9,16.05,16.6,16.05,16.05,16.05,16.08,3758,0.6,38,3273,87.09
BEL, EQ, 27-Aug-2020,111.8,111.85,112.65,109.8,110.15,110.3,110.84,9139538,10130.53,34465,3812831,41.72
BEML, EQ, 27-Aug-2020,701.9,705,708.2,692.15,694,694.55,700.84,469273,3288.84,14037,110810,23.61
BEPL, EQ, 27-Aug-2020,61.1,61.6,63.6,60.75,61.5,61.65,62.21,790837,491.99,3663,439239,55.54
BERGEPAINT, EQ, 27-Aug-2020,562.65,565,569.75,559.45,562.6,562.65,563.8,781289,4404.89,15485,148777,19.04
BETA, SM, 27-Aug-2020,87,86.05,86.05,86,86,86,86.03,1600,1.38,2,800,50
BFINVEST, EQ, 27-Aug-2020,311.25,312.8,348.85,309.65,332.35,334.8,337.41,532016,1795.06,14921,84323,15.85
BFUTILITIE, EQ, 27-Aug-2020,269.6,270.3,296.55,266.65,292,291.75,288.11,1557317,4486.85,22427,309481,19.87
BGRENERGY, EQ, 27-Aug-2020,43.35,44,44.7,43,43.3,43.5,43.79,118320,51.81,1007,69228,58.51
BHAGERIA, EQ, 27-Aug-2020,142.9,143.5,143.9,141.85,142.1,142.25,142.63,30568,43.6,880,20253,66.26
BHAGYANGR, EQ, 27-Aug-2020,17.3,17.6,17.6,16.65,17.1,17.1,17.04,3955,0.67,44,2144,54.21
BHAGYAPROP, EQ, 27-Aug-2020,21.95,22.15,22.5,21.6,21.95,21.85,22.01,10209,2.25,97,6598,64.63
BHANDARI, EQ, 27-Aug-2020,1.3,1.25,1.3,1.25,1.3,1.3,1.27,189038,2.39,212,173497,91.78
BHARATFORG, EQ, 27-Aug-2020,499.15,500,519.25,498.3,512.55,510.9,510.38,4404470,22479.67,55332,625533,14.2
BHARATGEAR, EQ, 27-Aug-2020,56.45,56.85,60.05,55.1,57.25,57.3,57.84,38513,22.27,411,22347,58.02
BHARATRAS, EQ, 27-Aug-2020,9820.2,9840,9940,9730,9760,9759.95,9815.67,3919,384.68,1411,2170,55.37
BHARATWIRE, EQ, 27-Aug-2020,26.3,26.3,28.9,26.3,28.9,28.9,28.28,83528,23.62,489,74651,89.37
BHARTIARTL, EQ, 27-Aug-2020,514.5,514.4,518.5,508,512.5,511.15,512.97,21871778,112195.94,166733,8932803,40.84
BHEL, EQ, 27-Aug-2020,39.95,40,40.9,39.05,39.25,39.2,39.95,56215100,22456.29,71448,22231577,39.55
BIGBLOC, BE, 27-Aug-2020,46.3,47,47.1,46.4,47.1,47.1,47,2497,1.17,25, -, -
BIL, BE, 27-Aug-2020,191.05,192.5,192.5,182,184.1,184.95,188.96,4471,8.45,54, -, -
BILENERGY, EQ, 27-Aug-2020,1,1,1,0.95,0.95,0.95,0.96,809878,7.78,342,424095,52.37
BINDALAGRO, EQ, 27-Aug-2020,13.3,13.3,13.35,12.65,12.65,12.65,12.81,59059,7.56,215,42077,71.25
BIOCON, EQ, 27-Aug-2020,392.35,394.7,397,390.6,391.85,391.35,394.06,3531298,13915.53,42641,821897,23.27
BIOFILCHEM, BE, 27-Aug-2020,39.65,37.7,37.7,37.7,37.7,37.7,37.7,32329,12.19,543, -, -
BIRLACABLE, EQ, 27-Aug-2020,63.45,64.45,64.45,60.6,61.75,61.5,62.45,147165,91.91,1387,99129,67.36
BIRLACORPN, EQ, 27-Aug-2020,638.15,642.5,647.3,635,638.7,637.55,639.62,227388,1454.43,9640,118324,52.04
BIRLAMONEY, EQ, 27-Aug-2020,41.7,42.5,43,40.55,40.8,40.8,41.5,596357,247.48,4047,321720,53.95
BIRLATYRE, EQ, 27-Aug-2020,23.4,24.55,24.55,24.55,24.55,24.55,24.55,227468,55.84,794,227466,100
BKMINDST, EQ, 27-Aug-2020,1.05,1.1,1.1,1,1.05,1.05,1.04,172764,1.8,67,111376,64.47
BLBLIMITED, EQ, 27-Aug-2020,5.4,5.65,5.65,5.3,5.65,5.65,5.62,84191,4.73,152,75114,89.22
BLISSGVS, EQ, 27-Aug-2020,157.95,158,162.95,156.5,156.85,157.8,159.75,1094526,1748.53,10976,158707,14.5
BLKASHYAP, BE, 27-Aug-2020,7.4,7.75,7.75,7.75,7.75,7.75,7.75,72508,5.62,50, -, -
BLS, EQ, 27-Aug-2020,114.55,115,115,108.85,108.85,108.95,110.54,99144,109.59,1572,63191,63.74
BLUEDART, EQ, 27-Aug-2020,2210.15,2225,2257,2160,2200,2206.2,2210.61,68080,1504.99,6701,29182,42.86
BLUESTARCO, EQ, 27-Aug-2020,621.65,631,723.7,623.4,677.5,685.15,673.04,957851,6446.67,40543,221146,23.09
BODALCHEM, EQ, 27-Aug-2020,73.15,73.75,73.75,72,72.1,72.15,72.63,350420,254.5,2290,211151,60.26
BOHRA, SM, 27-Aug-2020,1.85,1.8,1.8,1.8,1.8,1.8,1.8,2000,0.04,1,2000,100
BOMDYEING, EQ, 27-Aug-2020,73.6,74.4,79.3,72.7,75,75,76.77,14150870,10863.41,58362,3002314,21.22
BOROLTD, BE, 27-Aug-2020,173.5,177.5,177.5,166,168.85,168.15,170.07,43360,73.74,428, -, -
BORORENEW, EQ, 27-Aug-2020,81.7,81.1,82.95,80.6,81.75,81.6,81.49,173951,141.75,1759,93848,53.95
BOSCHLTD, EQ, 27-Aug-2020,14295.55,14430,14430,14083.75,14128.1,14145.75,14246.27,30525,4348.67,7504,5304,17.38
BPCL, EQ, 27-Aug-2020,410.1,411.6,418.45,409.5,413.4,412.95,414.4,7823398,32420.12,94564,2183447,27.91
BPL, EQ, 27-Aug-2020,21.7,22.15,22.15,21.4,21.75,21.7,21.74,50114,10.89,344,34732,69.31
BRFL, EQ, 27-Aug-2020,12.75,13.35,13.35,13.35,13.35,13.35,13.35,34105,4.55,63,34105,100
BRIGADE, EQ, 27-Aug-2020,171.9,172.7,184.5,172.1,180.9,180.3,180.49,688233,1242.22,10114,296132,43.03
BRIGHT, SM, 27-Aug-2020,9.8,9.4,9.45,9.35,9.35,9.35,9.37,33000,3.09,11,30000,90.91
BRITANNIA, EQ, 27-Aug-2020,3829.25,3840,3853.35,3810,3820,3816.6,3835.17,385945,14801.63,32932,177175,45.91
BRITANNIA, N2, 27-Aug-2020,31.58,31.42,31.75,31.42,31.69,31.71,31.61,6034,1.91,68,6032,99.97
BRNL, EQ, 27-Aug-2020,35.55,35.45,36,35,35.4,35.6,35.7,26676,9.52,315,21402,80.23
BROOKS, EQ, 27-Aug-2020,40.35,40.35,41.8,40,41.05,40.9,40.62,55316,22.47,390,46258,83.62
BSE, EQ, 27-Aug-2020,490.85,487.15,519.9,487.15,515.05,514.65,512.82,997562,5115.66,25618,355039,35.59
BSELINFRA, EQ, 27-Aug-2020,1.05,1.1,1.1,1,1.05,1.05,1.05,243326,2.57,158,188142,77.32
BSHSL, SM, 27-Aug-2020,129,115.1,115.1,115,115,115,115.05,6400,7.36,3,3200,50
BSL, EQ, 27-Aug-2020,25.95,25.95,27.25,25.9,26.7,26.6,26.46,5830,1.54,118,4070,69.81
BSLGOLDETF, EQ, 27-Aug-2020,4715.25,4788,4788,4727.05,4739,4739.7,4743.31,232,11,63,136,58.62
BSLNIFTY, EQ, 27-Aug-2020,126.05,126.19,126.2,125.51,125.51,125.51,125.82,9,0.01,4,6,66.67
BSOFT, EQ, 27-Aug-2020,177.15,178.4,182.4,173.35,173.95,173.9,178.39,2533812,4520.17,26326,896935,35.4
BURNPUR, EQ, 27-Aug-2020,1.5,1.5,1.5,1.45,1.45,1.45,1.46,148802,2.17,117,118182,79.42
BUTTERFLY, BE, 27-Aug-2020,213.25,215,215,202.6,205,203.6,206.33,77994,160.92,867, -, -
BVCL, BE, 27-Aug-2020,15.8,16.55,16.55,16.2,16.55,16.55,16.49,4369,0.72,15, -, -
BYKE, EQ, 27-Aug-2020,15.5,15.9,15.9,15.25,15.5,15.4,15.39,42560,6.55,185,31334,73.62
CADILAHC, EQ, 27-Aug-2020,388.65,389,396,388,390.5,389.1,392.01,2673972,10482.23,29471,454613,17
CALSOFT, EQ, 27-Aug-2020,12.8,14.05,14.05,14.05,14.05,14.05,14.05,154865,21.76,317,148553,95.92
CAMLINFINE, EQ, 27-Aug-2020,96.4,100,101.2,97,98.65,98.95,100.63,2429891,2445.18,11750,1448662,59.62
CANBK, EQ, 27-Aug-2020,106.3,107.3,107.65,105,105.3,105.55,106.58,7732121,8241.17,29679,2843221,36.77
CANDC, BZ, 27-Aug-2020,2.6,2.5,2.7,2.5,2.7,2.7,2.66,3890,0.1,12, -, -
CANFINHOME, EQ, 27-Aug-2020,392.9,393.5,403,369.3,381,382.55,392.66,1165301,4575.62,20358,409249,35.12
CANTABIL, EQ, 27-Aug-2020,310,310,321.6,305.05,318,319.1,313.75,167661,526.03,4487,43520,25.96
CAPACITE, EQ, 27-Aug-2020,138.05,144.25,145,140,140,140.6,142.67,99107,141.39,2614,46550,46.97
CAPLIPOINT, EQ, 27-Aug-2020,538.85,543,566.9,532.25,559.75,556.65,556.99,1005487,5600.51,26633,351234,34.93
CAPTRUST, EQ, 27-Aug-2020,69.65,70.5,70.5,68.75,69,69.1,69.48,6491,4.51,94,5748,88.55
CARBORUNIV, EQ, 27-Aug-2020,275,275.95,282,273.65,274.7,274.45,276.94,161975,448.57,3084,79476,49.07
CAREERP, EQ, 27-Aug-2020,155.2,160,171.8,158,163,163.8,165.27,745961,1232.87,12635,214493,28.75
CARERATING, EQ, 27-Aug-2020,410.05,412.15,412.15,401,403.8,402.65,405.32,127055,514.98,6601,100874,79.39
CASTROLIND, EQ, 27-Aug-2020,122.7,122.25,124,122.25,122.85,122.6,123.14,545677,671.95,4800,315886,57.89
CCHHL, EQ, 27-Aug-2020,3.4,3.55,3.55,3.25,3.45,3.4,3.44,79152,2.72,128,58055,73.35
CCL, EQ, 27-Aug-2020,275.55,277.7,280,271,274.2,277.4,276.45,432104,1194.56,5668,314876,72.87
CDSL, EQ, 27-Aug-2020,399.8,409,434.4,404,419,419.25,421.81,4653442,19628.45,77720,1179025,25.34
CEATLTD, EQ, 27-Aug-2020,941.5,950,959.95,928,934.1,937.7,947.54,1202907,11398.07,16584,872939,72.57
CEBBCO, EQ, 27-Aug-2020,15.45,16.35,16.95,15.75,16.8,16.7,16.65,295459,49.21,967,199516,67.53
CELEBRITY, EQ, 27-Aug-2020,5.25,5.65,5.65,5.1,5.2,5.15,5.26,116589,6.13,285,96144,82.46
CENTENKA, EQ, 27-Aug-2020,184.45,187.9,188,183.35,184.3,184.7,186.11,44586,82.98,1335,27080,60.74
CENTEXT, EQ, 27-Aug-2020,4.25,4.3,4.35,4.2,4.3,4.25,4.25,73739,3.13,151,59318,80.44
CENTRALBK, EQ, 27-Aug-2020,17.65,17.65,18.2,17.6,17.8,17.75,17.89,1289552,230.72,2726,711324,55.16
CENTRUM, EQ, 27-Aug-2020,13.95,14.1,16.7,14.1,16.25,16.55,16.11,4659654,750.72,6358,2264050,48.59
CENTUM, EQ, 27-Aug-2020,367.7,370,371,361,365,363.2,365.02,8140,29.71,674,4863,59.74
CENTURYPLY, EQ, 27-Aug-2020,147.65,148.7,159.4,148.5,158.5,157.6,155.56,2432180,3783.4,23703,679968,27.96
CENTURYTEX, EQ, 27-Aug-2020,340.15,342.5,387.7,342.5,367.6,374.8,364.61,9902857,36106.51,103149,1983466,20.03
CERA, EQ, 27-Aug-2020,2491.9,2554.8,2625,2525.05,2550,2572.55,2554.3,49330,1260.03,3003,39483,80.04
CEREBRAINT, EQ, 27-Aug-2020,32.6,33.2,33.2,31.5,31.5,31.65,32.32,190855,61.69,679,125080,65.54
CESC, EQ, 27-Aug-2020,639.7,642.7,643.9,631.35,638.55,636.15,636.8,155367,989.37,4257,36272,23.35
CESCVENT, EQ, 27-Aug-2020,278.65,281.5,285.8,276,276.9,276.85,280.39,108388,303.91,3469,61501,56.74
CGCL, EQ, 27-Aug-2020,222.3,224.15,231.25,221.55,225.1,225.35,226.37,130758,295.99,5603,33451,25.58
CGPOWER, EQ, 27-Aug-2020,19.4,20.35,20.35,20.35,20.35,20.35,20.35,1225445,249.38,735,1225444,100
CHALET, EQ, 27-Aug-2020,164,165.9,167.35,162,165,164.9,164.73,282752,465.78,4352,126539,44.75
CHAMBLFERT, EQ, 27-Aug-2020,156.5,157.6,157.85,155,155.5,155.45,156.17,534905,835.35,7630,296548,55.44
CHEMBOND, EQ, 27-Aug-2020,163.3,166.95,168.5,165.05,167,167.25,166.7,23181,38.64,1024,16558,71.43
CHEMFAB, EQ, 27-Aug-2020,167.25,167.25,171,161.65,164.5,165.15,165.04,10073,16.62,379,5676,56.35
CHENNPETRO, EQ, 27-Aug-2020,83.65,84,84.3,82.5,82.5,82.65,83.28,501528,417.7,2919,276872,55.21
CHOLAFIN, EQ, 27-Aug-2020,245.3,246,247.15,239.05,240.35,240.9,243.28,3695410,8990.36,31981,993526,26.89
CHOLAHLDNG, EQ, 27-Aug-2020,443,444.65,445,433,440,440.4,438.46,147743,647.8,3556,131848,89.24
CHROMATIC, BE, 27-Aug-2020,1,1,1.05,0.95,1,1,1.01,295312,2.99,71, -, -
CIGNITITEC, EQ, 27-Aug-2020,310.2,315.5,317.05,309,313.9,311.45,314.31,119786,376.5,1258,104698,87.4
CIMMCO, EQ, 27-Aug-2020,26.1,26.25,27.4,26,27.4,27.1,26.84,151388,40.63,634,114484,75.62
CINELINE, EQ, 27-Aug-2020,29,29.5,34.15,28.5,33,33.25,31.76,1088160,345.61,4839,420899,38.68
CINEVISTA, BE, 27-Aug-2020,6.9,6.9,7.05,6.65,7,6.8,6.9,12819,0.89,34, -, -
CIPLA, EQ, 27-Aug-2020,748,750.8,764,749.95,759.75,756.2,757.26,6989244,52926.58,98142,1534458,21.95
CKFSL, BZ, 27-Aug-2020,0.7,0.7,0.75,0.65,0.7,0.7,0.7,103711,0.73,46, -, -
CKPLEISURE, SM, 27-Aug-2020,3.5,3.5,3.5,3.5,3.5,3.5,3.5,4000,0.14,1,4000,100
CLEDUCATE, EQ, 27-Aug-2020,45,44.2,49.75,43.5,48.7,47.7,46.77,54501,25.49,426,41931,76.94
CLNINDIA, EQ, 27-Aug-2020,396.15,396.9,396.9,387.7,390.95,389.7,391.52,85823,336.01,2990,52814,61.54
CMICABLES, EQ, 27-Aug-2020,46.15,45,45.8,43.85,43.85,43.9,44.05,77497,34.14,692,61250,79.04
CMMIPL, SM, 27-Aug-2020,3.65,3.8,3.8,3.8,3.8,3.8,3.8,9000,0.34,3,6000,66.67
CNOVAPETRO, EQ, 27-Aug-2020,7,7.35,7.35,7,7.35,7.35,7.25,5333,0.39,25,2431,45.58
COALINDIA, EQ, 27-Aug-2020,141.95,142.7,143.25,140,140.55,140.55,141.55,9356658,13244.09,45616,2898212,30.97
COCHINSHIP, EQ, 27-Aug-2020,363.1,363.95,371,362.85,365.2,365.15,366.44,376670,1380.27,6747,155503,41.28
COFORGE, EQ, 27-Aug-2020,1950.1,1970,1975,1934,1948,1940.15,1949.36,149884,2921.77,9540,45825,30.57
COLPAL, EQ, 27-Aug-2020,1410.75,1414,1422.6,1399,1406.3,1404.3,1408.79,377527,5318.55,13595,133240,35.29
COMPINFO, EQ, 27-Aug-2020,12.75,12.95,14,12.65,13.4,13.4,13.24,213920,28.33,564,121145,56.63
COMPUSOFT, EQ, 27-Aug-2020,8.85,8.65,9.2,8.5,9.15,9,8.9,95084,8.47,399,69801,73.41
CONCOR, EQ, 27-Aug-2020,393.8,394.75,397.4,391.7,395,395.5,395.27,1315768,5200.81,23375,783817,59.57
CONFIPET, EQ, 27-Aug-2020,22.4,22.85,22.85,21.05,21.5,21.45,21.99,568682,125.07,1992,340851,59.94
CONSOFINVT, EQ, 27-Aug-2020,34.7,32.7,40.7,32.7,35.05,35.05,36.65,9406,3.45,106,2868,30.49
CONTI, SM, 27-Aug-2020,6.35,6.6,6.65,6.6,6.65,6.65,6.63,6666,0.44,2,6666,100
CONTROLPR, EQ, 27-Aug-2020,234.55,235.75,241.95,231.35,235,234.75,236.57,4922,11.64,372,2428,49.33
CORALFINAC, EQ, 27-Aug-2020,21.25,21.75,21.75,20.8,20.95,21.4,21.11,7733,1.63,98,7165,92.65
CORDSCABLE, EQ, 27-Aug-2020,45.8,45.95,46.6,44.5,45,44.9,45.17,32284,14.58,351,23058,71.42
COROMANDEL, EQ, 27-Aug-2020,804.9,808,809.85,790,800,801.95,799.82,252807,2021.99,11962,111724,44.19
COSMOFILMS, EQ, 27-Aug-2020,426.7,429.65,444.35,425.6,434,433.45,433.89,297046,1288.85,6984,121464,40.89
COUNCODOS, EQ, 27-Aug-2020,1.3,1.35,1.4,1.3,1.4,1.4,1.36,200437,2.73,196,92715,46.26
COX&KINGS, BZ, 27-Aug-2020,1.5,1.5,1.55,1.5,1.55,1.55,1.53,671416,10.29,320, -, -
CPSEETF, EQ, 27-Aug-2020,19.11,19.19,19.28,18.95,18.95,18.99,19.04,2582217,491.67,2292,2444182,94.65
CREATIVE, EQ, 27-Aug-2020,135.1,132.4,136.8,129,131.5,131,131.83,51255,67.57,307,29611,57.77
CREATIVEYE, EQ, 27-Aug-2020,1.8,1.85,1.85,1.85,1.85,1.85,1.85,356,0.01,5,356,100
CREDITACC, EQ, 27-Aug-2020,627.8,630.9,705.5,630.15,656,656.9,666.72,378783,2525.44,26048,156886,41.42
CREST, EQ, 27-Aug-2020,86.5,86.6,91.8,83.3,87.4,87.45,87.75,17092,15,331,9804,57.36
CRISIL, EQ, 27-Aug-2020,1874.95,1896.55,1911,1840,1848.25,1849.2,1866.24,32872,613.47,4859,18821,57.26
CROMPTON, EQ, 27-Aug-2020,260.75,265,270,262.25,266.8,266.1,266.89,543148,1449.59,14765,236874,43.61
CSBBANK, EQ, 27-Aug-2020,229.95,230,236.7,226.25,231.5,233.55,231.84,249550,578.55,4856,114381,45.83
CTE, EQ, 27-Aug-2020,26.05,26.05,26.75,24.75,25.15,25.6,25.72,32221,8.29,294,25650,79.61
CUB, EQ, 27-Aug-2020,134.7,135.5,143,135.5,138.55,138.75,139.12,7427799,10333.32,87137,3903832,52.56
CUBEXTUB, EQ, 27-Aug-2020,11.95,11.95,12.4,11.5,12.25,12.2,12.07,19500,2.35,94,7997,41.01
CUMMINSIND, EQ, 27-Aug-2020,475.2,475.4,477.6,468,470,470.45,472.23,608824,2875.08,8526,93345,15.33
CUPID, EQ, 27-Aug-2020,285.55,265,266.6,248.45,254.7,254.75,258.77,619949,1604.22,15883,289944,46.77
CYBERTECH, EQ, 27-Aug-2020,55.45,55.6,56.4,54.55,54.65,54.8,55.38,34884,19.32,684,22333,64.02
CYIENT, EQ, 27-Aug-2020,382.85,384.8,416.8,383.7,398,394.05,400.35,1537301,6154.6,29256,310313,20.19
DAAWAT, EQ, 27-Aug-2020,57.9,58,58.3,57.15,57.35,57.3,57.47,576456,331.3,3351,400266,69.44
DABUR, EQ, 27-Aug-2020,495.95,498.75,499.35,491,493.5,493.15,493.68,1859971,9182.29,25593,776424,41.74
DALBHARAT, EQ, 27-Aug-2020,739.55,740,760,738,739,740.3,744.18,92174,685.94,9748,52835,57.32
DALMIASUG, EQ, 27-Aug-2020,143.7,143.95,146.7,141.25,144.6,144.45,144.05,444213,639.89,4952,125357,28.22
DAMODARIND, EQ, 27-Aug-2020,26.3,26.15,26.45,25.2,26.45,26.25,25.97,8300,2.16,102,7979,96.13
DATAMATICS, EQ, 27-Aug-2020,67.4,67.85,74.1,67.3,74.1,74.1,72.68,186863,135.81,1611,144650,77.41
DBCORP, EQ, 27-Aug-2020,79.05,79.9,83.2,79.25,80.3,80.65,81.08,917131,743.63,7163,493355,53.79
DBL, EQ, 27-Aug-2020,392.1,393,407,393,399.5,396.9,400.83,266653,1068.82,5890,87355,32.76
DBREALTY, EQ, 27-Aug-2020,7.3,7.6,8,7.4,8,8,7.91,2438981,192.99,1722,1737661,71.25
DBSTOCKBRO, EQ, 27-Aug-2020,10.5,10.5,11,10,10.75,10.75,10.42,9148,0.95,62,1496,16.35
DCAL, EQ, 27-Aug-2020,188.9,190.7,194.5,188,193.5,191.35,190.33,223009,424.45,2974,142999,64.12
DCBBANK, EQ, 27-Aug-2020,92.9,93.05,93.75,90.5,90.9,90.95,91.34,4232753,3866.29,18016,1894221,44.75
DCM, EQ, 27-Aug-2020,21.85,22.45,24,22,24,24,23.66,192788,45.62,976,93830,48.67
DCMFINSERV, BE, 27-Aug-2020,1.2,1.25,1.25,1.15,1.2,1.2,1.2,14837,0.18,24, -, -
DCMNVL, EQ, 27-Aug-2020,27.4,28.3,30.65,28,29.5,28.95,29.28,52425,15.35,335,28680,54.71
DCMSHRIRAM, EQ, 27-Aug-2020,396.9,395,408.95,388.5,392,395.05,397.78,252925,1006.09,6641,82032,32.43
DCW, EQ, 27-Aug-2020,14.2,14.2,15.6,14.1,15.2,15.05,15,1756351,263.5,3166,866679,49.35
DECCANCE, EQ, 27-Aug-2020,324.45,327,327,318.7,320.95,319.65,321.54,95551,307.23,2995,59320,62.08
DEEPAKFERT, EQ, 27-Aug-2020,181.7,181.95,183,175.55,177.65,177.05,178.21,867754,1546.41,10681,284615,32.8
DEEPAKNTR, EQ, 27-Aug-2020,742.45,745,775,732,765,761.95,756.98,2271131,17191.95,57423,490738,21.61
DEEPIND, EQ, 27-Aug-2020,82.2,82.5,84.9,81.3,81.85,82.45,82.64,61191,50.57,1330,36549,59.73
DELTACORP, EQ, 27-Aug-2020,115.55,116.3,120,115.2,116.85,117,117.55,1591663,1870.96,18195,666038,41.85
DELTAMAGNT, EQ, 27-Aug-2020,21.8,21.5,22,21.25,21.55,21.6,21.75,2218,0.48,55,1692,76.28
DEN, EQ, 27-Aug-2020,80.7,81.8,81.8,80.55,81,80.9,80.9,72891,58.97,1114,38924,53.4
DENORA, EQ, 27-Aug-2020,235.95,239.85,245,231.1,233.85,233.55,237.31,16340,38.78,947,9721,59.49
DEVIT, SM, 27-Aug-2020,108.5,109,109,109,109,109,109,3000,3.27,2,3000,100
DFMFOODS, EQ, 27-Aug-2020,300.25,302,316.8,299.1,311,308.55,309.81,278727,863.51,7181,149540,53.65
DGCONTENT, EQ, 27-Aug-2020,9.6,10,10.05,9.6,9.95,9.95,9.95,69313,6.9,139,68487,98.81
DHAMPURSUG, EQ, 27-Aug-2020,148.75,149.5,161.25,146.4,160.5,158.65,155.81,2299997,3583.72,17741,762398,33.15
DHANBANK, EQ, 27-Aug-2020,15.35,16,16.3,15.1,15.5,15.45,15.76,10855904,1710.56,16637,4957276,45.66
DHANUKA, EQ, 27-Aug-2020,866.7,880,884.95,845,854.25,851,863.23,94737,817.79,4785,60407,63.76
DHARSUGAR, BE, 27-Aug-2020,5.25,5,5,5,5,5,5,145,0.01,5, -, -
DHFL, EQ, 27-Aug-2020,14.95,15.05,15.15,14.7,14.8,14.75,14.85,1241511,184.34,2745,649347,52.3
DHFL, N4, 27-Aug-2020,339.8,300,316,300,316,315.81,314.46,70,0.22,5,64,91.43
DHFL, N6, 27-Aug-2020,285.2,285.06,285.06,285.06,285.06,285.06,285.06,1,0,1,1,100
DHFL, NC, 27-Aug-2020,310.59,312,315,312,315,315,314.8,152,0.48,3,152,100
DHFL, NN, 27-Aug-2020,293.01,295.01,310,295.01,310,310,302.51,6,0.02,2,3,50
DHFL, NO, 27-Aug-2020,313.63,315,315,315,315,315,315,100,0.32,1,100,100
DHFL, NP, 27-Aug-2020,319.8,323,339,310.01,313,312.99,329.81,5800,19.13,43,5031,86.74
DHFL, NQ, 27-Aug-2020,319.68,322,322,307,307,307.18,307.97,112,0.34,10,112,100
DHFL, NS, 27-Aug-2020,285.06,292.01,292.5,290,290,290.66,291.14,1240,3.61,17,1240,100
DHFL, NX, 27-Aug-2020,329.8,315,315,291.2,300,300,297.07,57,0.17,3,47,82.46
DHFL, Y1, 27-Aug-2020,310,310,310,310,310,310,310,212,0.66,10,206,97.17
DHUNINV, EQ, 27-Aug-2020,239.45,239.5,247.05,238.15,240.05,240.5,241.65,3849,9.3,232,2497,64.87
DIAMONDYD, EQ, 27-Aug-2020,591.7,598.95,610,592.45,605,601.3,602.46,20090,121.03,1331,13461,67
DIAPOWER, BZ, 27-Aug-2020,0.85,0.85,0.9,0.85,0.9,0.9,0.9,262220,2.36,106, -, -
DICIND, EQ, 27-Aug-2020,404.2,419,419,390.05,397.95,397.55,405.73,9611,38.99,513,5297,55.11
DIGISPICE, EQ, 27-Aug-2020,8.85,9.25,9.25,8.45,9.2,9.25,9.09,152087,13.82,373,114163,75.06
DIGJAMLTD, BZ, 27-Aug-2020,3.05,3.05,3.1,2.95,3.05,3,3.06,49813,1.53,55, -, -
DISHTV, EQ, 27-Aug-2020,10.9,11.25,11.95,11.1,11.95,11.95,11.73,10482612,1230.08,6912,7364778,70.26
DIVISLAB, EQ, 27-Aug-2020,3196.8,3200,3278,3185,3271.95,3268.45,3250.41,1013525,32943.69,68101,322382,31.81
DIXON, EQ, 27-Aug-2020,8343.05,8383.05,8650,8313,8590,8614.2,8540.92,97122,8295.11,24568,51039,52.55
DLF, EQ, 27-Aug-2020,160,161.95,181.85,160.8,175.3,175.9,173.4,76444741,132552.77,315781,13775975,18.02
DLINKINDIA, EQ, 27-Aug-2020,115.5,116.35,136,113.4,133,130.7,128.5,4948802,6359.06,33185,1232978,24.91
DMART, EQ, 27-Aug-2020,2410.1,2440,2445,2351.25,2362,2380.85,2419.41,695841,16835.23,67714,363810,52.28
DNAMEDIA, EQ, 27-Aug-2020,0.6,0.65,0.65,0.55,0.65,0.65,0.63,43658,0.27,92,36710,84.09
DOLAT, EQ, 27-Aug-2020,61.45,62.95,63.25,59,59.5,59.65,60.64,338382,205.18,1876,233402,68.98
DOLLAR, EQ, 27-Aug-2020,157.45,159.7,164.8,156.5,157.6,157,160.22,309109,495.25,5435,184910,59.82
DONEAR, EQ, 27-Aug-2020,30.2,30.35,32.9,29.85,31.45,31.4,31.93,278288,88.85,2074,120369,43.25
DPABHUSHAN, SM, 27-Aug-2020,87.2,89.85,91,88.05,89.8,89.8,89.92,60000,53.95,15,48000,80
DPSCLTD, EQ, 27-Aug-2020,11.95,11.75,12.05,11.75,11.8,11.8,11.92,9147,1.09,81,7467,81.63
DPWIRES, EQ, 27-Aug-2020,59,61.8,61.8,58.85,61.8,61.25,59.96,7348,4.41,120,1907,25.95
DQE, EQ, 27-Aug-2020,1.55,1.6,1.6,1.55,1.6,1.6,1.6,451501,7.22,212,400530,88.71
DREDGECORP, EQ, 27-Aug-2020,317.85,317.5,321.55,313.25,315.55,315.35,317.04,189247,599.98,5542,46983,24.83
DRREDDY, EQ, 27-Aug-2020,4434.75,4442.4,4468.3,4417,4429,4437,4444.71,903664,40165.27,42811,338122,37.42
DRSDILIP, SM, 27-Aug-2020,72,71,74.6,71,74.45,74.45,72.91,160000,116.66,11,118400,74
DSML, SM, 27-Aug-2020,12,12.6,12.6,12.55,12.55,12.55,12.58,12000,1.51,2,0,0
DSSL, EQ, 27-Aug-2020,29,29,29,26.2,28.05,27.7,27.36,14803,4.05,210,10119,68.36
DTIL, EQ, 27-Aug-2020,260.1,270,275,260,260.1,260.25,262.93,12783,33.61,502,9020,70.56
DUCON, EQ, 27-Aug-2020,4.15,4.2,4.2,3.95,4.1,4.1,4,113498,4.55,237,90640,79.86
DVL, BE, 27-Aug-2020,65.1,62.6,66.25,61.85,62.9,62.05,62.66,12857,8.06,184, -, -
DWARKESH, EQ, 27-Aug-2020,31.4,31.4,32.6,30.4,32.4,32.3,31.58,1912093,603.77,6888,960027,50.21
DYNAMATECH, EQ, 27-Aug-2020,887.55,843.2,843.2,843.2,843.2,843.2,843.2,7319,61.71,400,7203,98.42
DYNPRO, EQ, 27-Aug-2020,204.65,206.45,217.45,205.95,214,211.65,211.64,269126,569.57,5436,124376,46.21
EASTSILK, EQ, 27-Aug-2020,1.3,1.35,1.35,1.35,1.35,1.35,1.35,1550,0.02,4,1550,100
EASUNREYRL, BZ, 27-Aug-2020,3.4,3.25,3.25,3.25,3.25,3.25,3.25,4775,0.16,15, -, -
EBANK, EQ, 27-Aug-2020,2360,2410,2563.07,2410,2563.07,2563.07,2505.67,8,0.2,3,5,62.5
EBBETF0423, EQ, 27-Aug-2020,1079.87,1078.05,1079,1077,1078,1078.67,1077.98,4099,44.19,89,2801,68.33
EBBETF0425, EQ, 27-Aug-2020,994.89,991.03,995.5,991,995,994.43,993.3,15915,158.08,72,11262,70.76
EBBETF0430, EQ, 27-Aug-2020,1082.3,1084.91,1084.94,1080,1082,1082.05,1082.39,35488,384.12,185,32104,90.46
EBBETF0431, EQ, 27-Aug-2020,981.11,990,1006,977.5,978.99,978.56,978.45,29603,289.65,299,26625,89.94
EBIXFOREX, EQ, 27-Aug-2020,523.4,534.45,534.45,517.95,524,523.3,524.21,1693,8.87,134,1369,80.86
ECLERX, EQ, 27-Aug-2020,777.45,783.95,799.95,770,787.15,786.6,788.12,142485,1122.96,9294,79207,55.59
ECLFINANCE, NE, 27-Aug-2020,1149,1152,1155,1152,1155,1155,1153,75,0.86,2,75,100
ECLFINANCE, NF, 27-Aug-2020,961.7,962,969.99,955,969,969,962.6,195,1.88,9,172,88.21
ECLFINANCE, NG, 27-Aug-2020,911,925,925,909,915,915,911.16,450,4.1,12,450,100
ECLFINANCE, NJ, 27-Aug-2020,905.73,900,900,867,867.04,881.95,897.16,108,0.97,10,108,100
ECLFINANCE, NK, 27-Aug-2020,811,840,840,811,811,811,833.58,113,0.94,7,113,100
ECLFINANCE, NM, 27-Aug-2020,981,1000,1000,980,986.15,986.7,986.05,832,8.2,30,662,79.57
ECLFINANCE, NN, 27-Aug-2020,1060,1065,1065,1015,1050.6,1058.67,1038.68,262,2.72,13,162,61.83
ECLFINANCE, NO, 27-Aug-2020,950,940,960,940,960,953.28,944.22,496,4.68,7,496,100
ECLFINANCE, NP, 27-Aug-2020,970,955,955,951.1,951.1,951.1,954.35,30,0.29,2,30,100
ECLFINANCE, NQ, 27-Aug-2020,1025,905,1025,905,1025,1025,1016.11,253,2.57,7,233,92.09
ECLFINANCE, NR, 27-Aug-2020,935,938,938,925.5,925.7,930.49,935,265,2.48,14,265,100
ECLFINANCE, NS, 27-Aug-2020,965,951.1,955.05,951.1,955.02,955.03,955.01,178,1.7,4,178,100
EDELWEISS, EQ, 27-Aug-2020,81.85,83,85,81.7,83.9,83.85,83.62,1990660,1664.67,17974,1400358,70.35
EDUCOMP, BZ, 27-Aug-2020,3.8,3.7,3.75,3.65,3.7,3.65,3.66,134677,4.93,174, -, -
EHFLNCD, N3, 27-Aug-2020,975.68,980,980,980,980,980,980,100,0.98,1,100,100
EHFLNCD, N5, 27-Aug-2020,902.83,880,882,880,882,882,880.2,49,0.43,2,49,100
EHFLNCD, N6, 27-Aug-2020,779.5,766.01,775.8,766.01,773.99,773.99,774.39,1335,10.34,22,1335,100
EICHERMOT, EQ, 27-Aug-2020,2248.85,2249.75,2255,2215,2240,2236.35,2232.48,1370440,30594.77,73083,236739,17.27
EIDPARRY, EQ, 27-Aug-2020,288.6,290,297,286.65,291,290.4,291.43,416281,1213.16,6620,196300,47.16
EIFFL, SM, 27-Aug-2020,94.5,94,95,94,95,95,94.5,2400,2.27,3,2400,100
EIHAHOTELS, EQ, 27-Aug-2020,272.15,275.9,281,269,273,272.2,275.21,28587,78.68,1254,11706,40.95
EIHOTEL, EQ, 27-Aug-2020,89.4,90.2,93.95,87.7,92.05,91.8,91.4,3517072,3214.49,21983,1506827,42.84
EIMCOELECO, EQ, 27-Aug-2020,339.1,347.55,347.55,335,346.25,339.65,339.88,583,1.98,153,246,42.2
EKC, BE, 27-Aug-2020,33.7,34,34.2,32.05,32.05,32.05,32.38,162591,52.65,466, -, -
ELECON, EQ, 27-Aug-2020,33.55,34.7,36.8,33.25,33.6,33.6,35.19,675572,237.72,4219,380637,56.34
ELECTCAST, EQ, 27-Aug-2020,16,16.2,16.5,15.55,16,15.9,16.08,983070,158.1,1089,758569,77.16
ELECTHERM, EQ, 27-Aug-2020,116.65,117.3,121.3,116.5,116.9,117,118.41,18813,22.28,549,10382,55.19
ELGIEQUIP, EQ, 27-Aug-2020,226.55,227,228.4,225.35,228.1,227.9,227.45,38771,88.18,1119,31380,80.94
ELGIRUBCO, EQ, 27-Aug-2020,18.5,18.45,18.45,17.9,18.45,18.05,18.12,13369,2.42,107,11851,88.65
EMAMILTD, EQ, 27-Aug-2020,355,355.15,360.2,349.05,360,359.65,358.59,382534,1371.74,11640,283558,74.13
EMAMIPAP, EQ, 27-Aug-2020,75.4,76.45,76.45,74.6,75.1,75.25,75.35,6367,4.8,146,2519,39.56
EMAMIREAL, BE, 27-Aug-2020,54.75,57.05,57.45,55.2,57.45,57.45,57.27,23860,13.67,115, -, -
EMBASSY, RR, 27-Aug-2020,363.23,361.05,372.85,361.05,369.7,368.11,368.47,82600,304.35,342,57200,69.25
EMCO, BZ, 27-Aug-2020,1.8,1.85,1.85,1.85,1.85,1.85,1.85,42506,0.79,38, -, -
EMKAY, EQ, 27-Aug-2020,54.2,54.5,59.6,54.5,59.6,59.6,58.77,105135,61.79,894,71672,68.17
EMMBI, EQ, 27-Aug-2020,98.95,99.95,99.95,95.25,95.75,96.3,97.23,12691,12.34,480,8356,65.84
EMOFSR1RDP, MF, 27-Aug-2020,9.55,9.65,9.7,9.63,9.63,9.63,9.65,2200,0.21,3,2200,100
EMOFSR1RGG, MF, 27-Aug-2020,9.62,9.62,9.72,9.52,9.52,9.54,9.6,130704,12.55,31,130704,100
ENDURANCE, EQ, 27-Aug-2020,1158.7,1164.95,1180,1085.2,1099,1095.85,1112.84,325538,3622.72,21450,176322,54.16
ENERGYDEV, EQ, 27-Aug-2020,7.15,7.35,7.45,7,7,7.05,7.13,27656,1.97,132,23995,86.76
ENGINERSIN, EQ, 27-Aug-2020,70,70.25,71.35,70.1,70.45,70.45,70.72,2856967,2020.46,19778,1369442,47.93
ENIL, EQ, 27-Aug-2020,176.15,184.95,184.95,167.35,175.35,175.05,178.88,297289,531.8,1787,180225,60.62
EQ30, EQ, 27-Aug-2020,323,340,340,320,334.5,334.5,332.66,27,0.09,10,21,77.78
EQUITAS, EQ, 27-Aug-2020,55.15,55.8,57.15,55.2,56.2,55.9,56.39,12029407,6783.47,22249,5190404,43.15
ERFLNCDI, N2, 27-Aug-2020,1001,1000,1000,1000,1000,1000,1000,12,0.12,3,12,100
ERFLNCDI, N5, 27-Aug-2020,810,791,800,791,800,800,791.35,521,4.12,8,521,100
ERFLNCDI, N6, 27-Aug-2020,839.8,780,829.8,780,829.8,829.8,794.23,70,0.56,4,50,71.43
ERIS, EQ, 27-Aug-2020,533.8,539.65,548.7,528.95,533,533.3,539.01,97781,527.05,4877,49134,50.25
EROSMEDIA, BE, 27-Aug-2020,25.65,26,26,24.4,24.8,24.7,24.86,316343,78.65,755, -, -
ESABINDIA, EQ, 27-Aug-2020,1498.4,1525,1529.95,1495.05,1505.6,1511.2,1512.56,3957,59.85,644,2154,54.44
ESCORTS, EQ, 27-Aug-2020,1125.8,1133.9,1164,1122.15,1156.8,1156.15,1147.89,2332574,26775.41,63287,455344,19.52
ESSARSHPNG, BE, 27-Aug-2020,9.85,10.1,10.2,9.7,10,9.9,9.86,42170,4.16,143, -, -
ESSELPACK, EQ, 27-Aug-2020,293.8,292.1,301.25,290.2,293,294.8,296.16,155883,461.67,4740,78937,50.64
ESTER, EQ, 27-Aug-2020,70,69,69.9,67.75,68.1,68.1,68.82,316793,218.02,1817,236579,74.68
EUROCERA, BZ, 27-Aug-2020,1.35,1.4,1.4,1.35,1.4,1.4,1.4,21214,0.3,15, -, -
EUROMULTI, EQ, 27-Aug-2020,1.35,1.4,1.4,1.4,1.4,1.4,1.4,12158,0.17,15,12158,100
EUROTEXIND, EQ, 27-Aug-2020,9.5,9.5,9.95,9.5,9.95,9.95,9.95,200,0.02,5,200,100
EVEREADY, EQ, 27-Aug-2020,134.7,136.8,136.8,130,132.1,131.65,133.95,289211,387.39,2814,163499,56.53
EVERESTIND, EQ, 27-Aug-2020,240.9,243.45,255.95,240.1,245.6,246.85,249.55,449822,1122.52,11264,149384,33.21
EXCELINDUS, EQ, 27-Aug-2020,920.55,926.35,944.9,911.1,912,919.25,931.01,70580,657.1,4648,31956,45.28
EXIDEIND, EQ, 27-Aug-2020,169.85,172,175.1,170.3,175,174.35,172.67,4689882,8097.9,28032,1358841,28.97
EXPLEOSOL, EQ, 27-Aug-2020,485.6,509.85,509.85,495.2,509.85,509.85,507.72,79300,402.62,1383,53946,68.03
FACT, EQ, 27-Aug-2020,49.85,50.25,50.25,49.25,49.3,49.35,49.56,54148,26.84,510,34383,63.5
FAIRCHEM, BE, 27-Aug-2020,550,550,555,540,550,550.05,550.21,12723,70,626, -, -
FCL, EQ, 27-Aug-2020,32.55,32.55,33.2,31.95,32.45,32.25,32.39,240510,77.91,1405,132496,55.09
FCONSUMER, EQ, 27-Aug-2020,10.45,10.55,10.95,10.5,10.95,10.95,10.86,27792593,3018,12606,15286361,55
FCSSOFT, EQ, 27-Aug-2020,0.5,0.45,0.5,0.45,0.45,0.5,0.47,1846629,8.77,682,1120170,60.66
FDC, EQ, 27-Aug-2020,328,330.75,340,328,335.75,335.15,336.02,752049,2527.06,13838,239429,31.84
FEDERALBNK, EQ, 27-Aug-2020,56.7,56.9,57.25,56,56.05,56.1,56.57,31911041,18052.13,57416,12727091,39.88
FEL, EQ, 27-Aug-2020,18.25,19.15,19.15,19.15,19.15,19.15,19.15,1103760,211.37,754,1070689,97
FELDVR, EQ, 27-Aug-2020,19.5,20,20.45,19.8,20.45,20.45,20.3,213033,43.25,325,173347,81.37
FIEMIND, EQ, 27-Aug-2020,632.65,633.45,639.65,615,618.25,617.25,624.8,52689,329.2,4569,22939,43.54
FILATEX, EQ, 27-Aug-2020,29.7,30.4,30.4,28.5,28.75,28.85,29.12,193183,56.26,976,151382,78.36
FINCABLES, EQ, 27-Aug-2020,298.9,303,303,295,296.5,297.1,297.87,147048,438.02,4200,85343,58.04
FINEORG, EQ, 27-Aug-2020,2742.7,2775,2830,2701,2749,2765.05,2768.08,92833,2569.69,13430,15237,16.41
FINPIPE, EQ, 27-Aug-2020,510,506.7,517.35,506,510,510.05,510.25,57187,291.8,2259,37002,64.7
FLEXITUFF, EQ, 27-Aug-2020,9.05,9.5,9.5,9.5,9.5,9.5,9.5,3354,0.32,10,3354,100
FLFL, EQ, 27-Aug-2020,132.2,138,138.8,133.5,138.8,138.8,137.65,473032,651.15,4159,256686,54.26
FLUOROCHEM, EQ, 27-Aug-2020,531.4,535.85,535.85,520,524.9,524,525.89,74073,389.54,3152,38931,52.56
FMGOETZE, EQ, 27-Aug-2020,413.75,406.75,424,406.75,417,417.3,413.28,24144,99.78,258,4394,18.2
FMNL, EQ, 27-Aug-2020,24.2,25,25.4,24,25.4,25.4,25.15,117118,29.46,541,76541,65.35
FORCEMOT, EQ, 27-Aug-2020,1079.8,1081.2,1092,1055,1057.1,1063.7,1074.18,23508,252.52,2157,12639,53.76
FORTIS, EQ, 27-Aug-2020,135.9,135.9,137.6,135.1,135.3,135.6,136,1386115,1885.11,9126,948191,68.41
FOSECOIND, EQ, 27-Aug-2020,1382.15,1380,1420,1356.95,1363.95,1363.05,1379.48,2775,38.28,516,1665,60
FOURTHDIM, SM, 27-Aug-2020,9.1,9.55,9.55,9.55,9.55,9.55,9.55,2000,0.19,2,2000,100
FRETAIL, EQ, 27-Aug-2020,117.45,125,133.85,120.3,129.5,130.1,127.34,28266946,35996.51,142472,10449139,36.97
FSC, EQ, 27-Aug-2020,148,151,154.8,140.6,148.5,148.05,150.23,529416,795.36,6135,361565,68.3
FSL, EQ, 27-Aug-2020,66.25,66.7,67.2,62.8,63.4,63.5,64.99,4716425,3065.3,20173,2161433,45.83
GABRIEL, EQ, 27-Aug-2020,125.2,124.45,124.45,118,118.95,118.7,119.36,490750,585.74,7503,250231,50.99
GAEL, EQ, 27-Aug-2020,198.6,199.45,199.9,194.5,194.5,194.8,196.42,55218,108.46,2155,35755,64.75
GAIL, EQ, 27-Aug-2020,99.85,100.6,100.6,99,99.4,99.2,99.61,6719780,6693.27,33940,1759614,26.19
GAL, EQ, 27-Aug-2020,2.7,2.7,2.8,2.6,2.7,2.6,2.66,14580,0.39,47,14580,100
GALAXYSURF, EQ, 27-Aug-2020,1884.1,1894,1894.2,1850,1855.5,1856.85,1866.78,18720,349.46,2601,9067,48.43
GALLANTT, EQ, 27-Aug-2020,33.2,33.3,34.4,33.3,33.35,33.4,33.88,6665,2.26,145,5368,80.54
GALLISPAT, EQ, 27-Aug-2020,29.3,29.95,30,28.7,29.5,29.5,29.21,19406,5.67,100,10043,51.75
GAMMNINFRA, EQ, 27-Aug-2020,0.8,0.8,0.8,0.75,0.8,0.8,0.76,851313,6.5,337,850377,99.89
GANDHITUBE, EQ, 27-Aug-2020,228.9,230.9,232.8,226,227.95,227.9,228.75,7437,17.01,518,3790,50.96
GANECOS, EQ, 27-Aug-2020,289.6,292,299.9,286,297.1,298.2,294.49,75877,223.45,1406,42364,55.83
GANESHHOUC, EQ, 27-Aug-2020,30.05,30.95,31.55,30.05,31.55,31.55,31.17,41259,12.86,253,33343,80.81
GANGAFORGE, SM, 27-Aug-2020,15.7,16.1,16.15,16.05,16.1,16.1,16.09,36000,5.79,6,6000,16.67
GANGESSECU, EQ, 27-Aug-2020,40,40.05,40.05,38.15,38.15,38.15,38.9,5328,2.07,61,4477,84.03
GARDENSILK, BE, 27-Aug-2020,11.3,11.7,11.8,10.75,11.15,11,11.17,75583,8.44,163, -, -
GARFIBRES, EQ, 27-Aug-2020,1993.9,2010,2020,1922.25,1940,1955.55,1989.3,21634,430.37,3671,10848,50.14
GATI, EQ, 27-Aug-2020,48.2,48.8,49.25,47.8,48,48.1,48.37,474823,229.66,2277,257669,54.27
GAYAHWS, BE, 27-Aug-2020,0.45,0.45,0.45,0.4,0.45,0.45,0.43,288069,1.25,106, -, -
GAYAPROJ, EQ, 27-Aug-2020,16.9,16.95,17.15,16.6,16.85,16.7,16.91,262445,44.37,785,218575,83.28
GBGLOBAL, EQ, 27-Aug-2020,8.2,8.6,8.6,8.6,8.6,8.6,8.6,2145,0.18,16,2134,99.49
GDL, EQ, 27-Aug-2020,90.3,90.3,95.55,90,93.2,94.1,92.81,262588,243.72,2654,152794,58.19
GEECEE, EQ, 27-Aug-2020,81.05,81.05,84.05,77.65,79.5,79.8,81.97,38212,31.32,896,19036,49.82
GEEKAYWIRE, BE, 27-Aug-2020,90,90,90,85.5,89.5,89.5,88.79,9151,8.12,33, -, -
GENESYS, BE, 27-Aug-2020,57.85,60.7,60.7,55,55,55,55.75,71187,39.69,252, -, -
GENUSPAPER, EQ, 27-Aug-2020,5.25,5.45,5.45,5,5.05,5.05,5.11,407241,20.82,396,345331,84.8
GENUSPOWER, EQ, 27-Aug-2020,25.95,26,26.95,25.8,26.3,26.35,26.44,282584,74.71,1009,181084,64.08
GEOJITFSL, EQ, 27-Aug-2020,41.15,41.15,41.4,39.5,40.65,40.15,40.52,254849,103.27,2846,178837,70.17
GEPIL, EQ, 27-Aug-2020,492.4,494.9,498.9,490.8,493.9,491.7,493.65,23561,116.31,1140,16834,71.45
GESHIP, EQ, 27-Aug-2020,273,275,283,273.15,277.6,277.35,279.04,185610,517.92,4637,74049,39.89
GET&D, EQ, 27-Aug-2020,111.45,113.75,113.75,108.55,111.85,110.35,111.03,54113,60.08,1192,33990,62.81
GFLLIMITED, EQ, 27-Aug-2020,103.05,104.95,104.95,100,101.2,100.95,102.8,89738,92.25,1825,54348,60.56
